{"color": ["blond", "blue", "green", "white", "yellow", "black", "gray", "red", "purple", "light brown", "light blue", "silver", "pink", "orange", "tan", "dark brown", "gold", "cream colored", "dark colored", "maroon", "dark blue", "light colored", "evergreen", "navy", "bronze", "rainbow colored", "chocolate", "black and white", "ivory", "beige", "translucent", "transparent", "brass", "dark", "brown", "khaki", "teal", "brunette"], "material": ["brick", "wood", "metal", "plastic", "leather", "glass", "concrete", "silver", "porcelain", "stainless steel", "steel", "iron", "ceramic", "gold", "hardwood", "aluminum", "ivory", "stone", "brass", "tin", "marble", "bronze", "asphalt", "cobblestone", "bamboo", "rock", "copper", "chrome", "clay", "granite"], "shape": ["round", "square", "long", "rectangular", "triangular", "short", "folded", "rounded", "recessed", "curled", "octagonal"], "activity": ["eating", "waiting", "playing", "reading", "staring", "talking", "drinking", "sleeping", "looking down", "driving", "resting", "posing", "looking up", "cooking", "brushing teeth"], "size": ["tiny", "large", "small", "huge", "little", "giant"], "pose": ["lying", "standing", "pointing", "crouching", "jumping", "running", "walking", "sitting", "bending", "taking pictures", "making a face", "taking a picture", "taking a photo", "brushing teeth", "shaking hands"], "sportActivity": ["snowboarding", "skateboarding", "riding", "skiing", "surfing", "skating", "swimming", "performing trick"], "height": ["tall", "short"], "length": ["long", "short"], "thickness": ["thin", "thick"], "fatness": ["skinny", "thin", "fat"], "state": ["choppy", "calm", "rough", "still", "wavy", "smooth"], "hardness": ["hard", "soft"], "texture": ["coarse", "fine"]}