{"comparative": {"healthier": {"healthy": 1, "unhealthy": -1}, "less-healthy": {"healthy": -1, "unhealthy": 1}, "shorter": {"tall": -1}, "taller": {"tall": 1, "small": -1, "little": -1, "baby": -1}, "larger": {"huge": 1, "large": 1, "giant": 1, "small": -1, "little": -1}, "smaller": {"huge": -1, "large": -1, "giant": -1, "small": 1, "little": 1}, "younger": {"child": 1, "girl": 1, "boy": 1, "young": 1, "baby": 1, "little": 1, "tiny": 1, "elderly": -1, "bald": -1, "old": -1, "man": -1, "woman": -1, "lady": -1, "gentleman": -1}, "older": {"child": -1, "girl": -1, "boy": -1, "young": -1, "baby": -1, "little": -1, "tiny": -1, "elderly": 1, "bald": 1, "old": 1, "man": 1, "woman": 1, "lady": 1, "gentleman": 1}}, "categorized": {"color": ["blond", "blue", "green", "white", "yellow", "black", "gray", "red", "purple", "light brown", "light blue", "silver", "pink", "orange", "tan", "dark brown", "gold", "cream colored", "dark colored", "maroon", "dark blue", "light colored", "evergreen", "navy", "bronze", "rainbow colored", "chocolate", "black and white", "ivory", "beige", "translucent", "transparent", "brass", "dark", "brown", "khaki", "teal", "brunette"], "material": ["brick", "wood", "metal", "plastic", "leather", "glass", "concrete", "silver", "porcelain", "stainless steel", "steel", "iron", "ceramic", "gold", "hardwood", "aluminum", "ivory", "stone", "brass", "tin", "marble", "bronze", "asphalt", "cobblestone", "bamboo", "rock", "copper", "chrome", "clay", "granite"], "shape": ["round", "square", "long", "rectangular", "triangular", "short", "folded", "rounded", "recessed", "curled", "octagonal"], "gender": ["female", "male"], "hposition": ["left", "right"], "activity": ["eating", "waiting", "playing", "reading", "staring", "talking", "drinking", "sleeping", "looking down", "driving", "resting", "posing", "looking up", "cooking", "brushing teeth"], "size": ["tiny", "large", "small", "huge", "little", "giant"], "place": ["kiosk", "city", "street", "field", "meadow", "zoo", "yard", "park", "pavement", "runway", "sea", "lawn", "supermarket", "forest", "ocean", "highway", "display", "station", "road", "lobby", "pen", "shore", "walkway", "beach", "sidewalk", "airport", "lake", "hotel room", "skate park", "parking lot", "hotel", "roadway", "place", "train station", "museum", "river", "swimming pool", "garage", "pasture", "store", "hallway", "market", "restaurant", "railroad", "town", "pond", "path", "stadium", "garden", "farm", "porch", "harbor", "terminal", "cafe", "restroom", "marina", "courtyard", "shop", "shopping center", "tunnel", "cafeteria", "desert", "church", "library", "plain", "orchard", "gas station", "village", "pizza shop", "mall", "gym", "backyard", "stage", "patio", "entrance", "classroom", "hangar", "amusement park", "salon", "theater", "auditorium", "lounge", "school", "cemetery", "roadside", "hospital", "swamp", "bakery", "coffee shop", "pub"], "pose": ["lying", "standing", "pointing", "crouching", "jumping", "running", "walking", "sitting", "bending", "taking pictures", "making a face", "taking a picture", "taking a photo", "brushing teeth", "shaking hands"], "pattern": ["striped", "dotted", "checkered"], "cleanliness": ["dirty", "clean", "stained", "tinted"], "sportActivity": ["snowboarding", "skateboarding", "riding", "skiing", "surfing", "skating", "swimming", "performing trick"], "age": ["little", "young", "old", "elderly"], "weather": ["foggy", "clear", "cloudy", "sunny", "overcast", "cloudless", "partly cloudy", "rainy", "stormy"], "height": ["tall", "short"], "length": ["long", "short"], "thickness": ["thin", "thick"], "fatness": ["skinny", "thin", "fat"], "depth": ["deep", "shallow"], "state": ["choppy", "calm", "rough", "still", "wavy", "smooth"], "realism": ["fake", "real"], "room": ["bathroom", "bedroom", "kitchen", "dining room", "office", "living room", "attic"], "tone": ["light"], "width": ["narrow", "wide"], "race": ["asian", "caucasian"], "company": ["nike", "adidas"], "hardness": ["hard", "soft"], "flavor": ["chocolate", "vanilla", "strawberry"], "texture": ["coarse", "fine"], "face expression": ["taking a picture", "taking pictures", "shaking hands", "making a face"], "uncategorized": ["brushing teeth", "taking a photo", "shaking hands", "taking a picture", "taking photos", "taking pictures", "making a face"]}}