{"select": {"operation": "select", "rel/attr": "-1", "obj_1": "obj", "obj_2": "-1"},
  "relate": {"operation": "relate", "rel/attr": "rel", "obj_1": "obj", "obj_2": "dep"},
  "query": {"operation": "query", "rel/attr": "attr", "obj_1": "dep", "obj_2": "-1"},
  "exist": {"operation": "exist", "rel/attr": "-1", "obj_1": "dep", "obj_2": "-1"},
  "filter color": {"operation": "filter", "rel/attr": "attr", "obj_1": "dep", "obj_2": "-1"},
  "or": {"operation": "or", "rel/attr": "-1", "obj_1": "dep", "obj_2": "dep"},
  "verify rel": {"operation": "relate", "rel/attr": "rel", "obj_1": "obj", "obj_2": "dep"},
  "choose rel": {"operation": "relate", "rel/attr": "rel", "obj_1": "obj", "obj_2": "dep"},
  "filter material": {"operation": "filter", "rel/attr": "attr", "obj_1": "dep", "obj_2": "-1"},
  "filter": {"operation": "filter", "rel/attr": "attr", "obj_1": "dep", "obj_2": "-1"},
  "filter hposition": {"operation": "filter", "rel/attr": "attr", "obj_1": "dep", "obj_2": "-1"},
  "filter vposition": {"operation": "filter", "rel/attr": "attr", "obj_1": "dep", "obj_2": "-1"},
  "choose hposition": {"operation": "verify", "rel/attr": "attr", "obj_1": "dep", "obj_2": "-1"},
  "choose vposition": {"operation": "verify", "rel/attr": "attr", "obj_1": "dep", "obj_2": "-1"},
  "choose color": {"operation": "verify", "rel/attr": "attr", "obj_1": "dep", "obj_2": "-1"},
  "choose bigger": {"operation": "verify", "rel/attr": "attr", "obj_1": "dep", "obj_2": "-1"},
  "filter size": {"operation": "filter", "rel/attr": "attr", "obj_1": "dep", "obj_2": "-1"},
  "verify hposition": {"operation": "verify", "rel/attr": "attr", "obj_1": "dep", "obj_2": "-1"},
  "verify vposition": {"operation": "verify", "rel/attr": "attr", "obj_1": "dep", "obj_2": "-1"},
  "choose name": {"operation": "verify", "rel/attr": "attr", "obj_1": "dep", "obj_2": "-1"},
  "verify size": {"operation": "verify", "rel/attr": "attr", "obj_1": "dep", "obj_2": "-1"},
  "verify": {"operation": "verify", "rel/attr": "attr", "obj_1": "dep", "obj_2": "-1"},
  "different color": {"operation": "different", "rel/attr": "color", "obj_1": "dep", "obj_2": "-1"},
  "same color": {"operation": "same", "rel/attr": "color", "obj_1": "dep", "obj_2": "-1"},
  "filter pose": {"operation": "filter", "rel/attr": "attr", "obj_1": "dep", "obj_2": "-1"},
  "verify material": {"operation": "verify", "rel/attr": "attr", "obj_1": "dep", "obj_2": "-1"},
  "common": {"operation": "common", "rel/attr": "-1", "obj_1": "dep", "obj_2": "dep"},
  "choose": {"operation": "verify", "rel/attr": "attr", "obj_1": "dep", "obj_2": "-1"},
  "verify location": {"operation": "verify", "rel/attr": "attr", "obj_1": "dep", "obj_2": "-1"},
  "filter activity": {"operation": "filter", "rel/attr": "attr", "obj_1": "dep", "obj_2": "-1"},
  "verify length": {"operation": "verify", "rel/attr": "attr", "obj_1": "dep", "obj_2": "-1"},
  "verify weather": {"operation": "verify", "rel/attr": "attr", "obj_1": "dep", "obj_2": "-1"},
  "choose material": {"operation": "verify", "rel/attr": "attr", "obj_1": "dep", "obj_2": "-1"},
  "choose location": {"operation": "verify", "rel/attr": "attr", "obj_1": "dep", "obj_2": "-1"},
  "filter shape": {"operation": "filter", "rel/attr": "attr", "obj_1": "dep", "obj_2": "-1"},
  "verify shape": {"operation": "filter", "rel/attr": "attr", "obj_1": "dep", "obj_2": "-1"},
  "filter height": {"operation": "filter", "rel/attr": "attr", "obj_1": "dep", "obj_2": "-1"},
  "filter age": {"operation": "filter", "rel/attr": "attr", "obj_1": "dep", "obj_2": "-1"},
  "same": {"operation": "same", "rel/attr": "attr", "obj_1": "dep", "obj_2": "-1"},
  "same material": {"operation": "same", "rel/attr": "material", "obj_1": "dep", "obj_2": "-1"},
  "verify height": {"operation": "verify", "rel/attr": "attr", "obj_1": "dep", "obj_2": "-1"},
  "choose size": {"operation": "verify", "rel/attr": "attr", "obj_1": "dep", "obj_2": "-1"},
  "filter length": {"operation": "verify", "rel/attr": "attr", "obj_1": "dep", "obj_2": "-1"},
  "verify pose": {"operation": "verify", "rel/attr": "attr", "obj_1": "dep", "obj_2": "-1"},
  "filter pattern": {"operation": "filter", "rel/attr": "attr", "obj_1": "dep", "obj_2": "-1"},
  "filter face expression": {"operation": "filter", "rel/attr": "attr", "obj_1": "dep", "obj_2": "-1"},
  "different": {"operation": "different", "rel/attr": "attr", "obj_1": "dep", "obj_2": "-1"},
  "verify pattern": {"operation": "verify", "rel/attr": "attr", "obj_1": "dep", "obj_2": "-1"},
  "choose place": {"operation": "verify", "rel/attr": "attr", "obj_1": "dep", "obj_2": "-1"},
  "filter sportActivity": {"operation": "filter", "rel/attr": "attr", "obj_1": "dep", "obj_2": "-1"},
  "verify place": {"operation": "verify", "rel/attr": "attr", "obj_1": "dep", "obj_2": "-1"},
  "verify cleanliness": {"operation": "verify", "rel/attr": "attr", "obj_1": "dep", "obj_2": "-1"},
  "verify state": {"operation": "verify", "rel/attr": "attr", "obj_1": "dep", "obj_2": "-1"},
  "choose weather": {"operation": "verify", "rel/attr": "attr", "obj_1": "dep", "obj_2": "-1"},
  "choose younger": {"operation": "compare", "rel/attr": "younger", "obj_1": "dep", "obj_2": "dep"},
  "choose length": {"operation": "verify", "rel/attr": "attr", "obj_1": "dep", "obj_2": "-1"},
  "verify thickness": {"operation": "verify", "rel/attr": "attr", "obj_1": "dep", "obj_2": "-1"},
  "verify activity": {"operation": "verify", "rel/attr": "attr", "obj_1": "dep", "obj_2": "-1"},
  "choose older": {"operation": "compare", "rel/attr": "older", "obj_1": "dep", "obj_2": "dep"},
  "filter cleanliness": {"operation": "filter", "rel/attr": "attr", "obj_1": "dep", "obj_2": "-1"},
  "filter weather": {"operation": "filter", "rel/attr": "attr", "obj_1": "dep", "obj_2": "-1"},
  "filter state": {"operation": "filter", "rel/attr": "attr", "obj_1": "dep", "obj_2": "-1"},
  "filter sport": {"operation": "filter", "rel/attr": "attr", "obj_1": "dep", "obj_2": "-1"},
  "choose pose": {"operation": "verify", "rel/attr": "attr", "obj_1": "dep", "obj_2": "-1"},
  "choose activity": {"operation": "verify", "rel/attr": "attr", "obj_1": "dep", "obj_2": "-1"},
  "verify tone": {"operation": "verify", "rel/attr": "attr", "obj_1": "dep", "obj_2": "-1"},
  "filter thickness": {"operation": "filter", "rel/attr": "attr", "obj_1": "dep", "obj_2": "-1"},
  "verify age": {"operation": "verify", "rel/attr": "attr", "obj_1": "dep", "obj_2": "-1"},
  "choose height": {"operation": "verify", "rel/attr": "attr", "obj_1": "dep", "obj_2": "-1"},
  "filter opaqness": {"operation": "filter", "rel/attr": "attr", "obj_1": "dep", "obj_2": "-1"},
  "verify sportActivity": {"operation": "verify", "rel/attr": "attr", "obj_1": "dep", "obj_2": "-1"},
  "filter flavor": {"operation": "filter", "rel/attr": "attr", "obj_1": "dep", "obj_2": "-1"},
  "filter fatness": {"operation": "filter", "rel/attr": "attr", "obj_1": "dep", "obj_2": "-1"},
  "verify hardness": {"operation": "verify", "rel/attr": "attr", "obj_1": "dep", "obj_2": "-1"},
  "verify face expression": {"operation": "verify", "rel/attr": "attr", "obj_1": "dep", "obj_2": "-1"},
  "choose less healthy": {"operation": "compare", "rel/attr": "less-healthy", "obj_1": "dep", "obj_2": "dep"},
  "filter width": {"operation": "filter", "rel/attr": "attr", "obj_1": "dep", "obj_2": "-1"},
  "filter tone": {"operation": "filter", "rel/attr": "attr", "obj_1": "dep", "obj_2": "-1"},
  "choose sportActivity": {"operation": "verify", "rel/attr": "attr", "obj_1": "dep", "obj_2": "-1"},
  "filter gender": {"operation": "filter", "rel/attr": "attr", "obj_1": "dep", "obj_2": "-1"},
  "choose shape": {"operation": "verify", "rel/attr": "attr", "obj_1": "dep", "obj_2": "-1"},
  "verify width": {"operation": "verify", "rel/attr": "attr", "obj_1": "dep", "obj_2": "-1"},
  "choose healthier": {"operation": "compare", "rel/attr": "healthier", "obj_1": "dep", "obj_2": "dep"},
  "choose cleanliness": {"operation": "verify", "rel/attr": "attr", "obj_1": "dep", "obj_2": "-1"},
  "filter race": {"operation": "filter", "rel/attr": "attr", "obj_1": "dep", "obj_2": "-1"},
  "choose thickness": {"operation": "verify", "rel/attr": "attr", "obj_1": "dep", "obj_2": "-1"},
  "filter hardness": {"operation": "filter", "rel/attr": "attr", "obj_1": "dep", "obj_2": "-1"},
  "filter room": {"operation": "filter", "rel/attr": "attr", "obj_1": "dep", "obj_2": "-1"},
  "choose state": {"operation": "verify", "rel/attr": "attr", "obj_1": "dep", "obj_2": "-1"},
  "verify fatness": {"operation": "verify", "rel/attr": "attr", "obj_1": "dep", "obj_2": "-1"},
  "verify opaqness": {"operation": "verify", "rel/attr": "attr", "obj_1": "dep", "obj_2": "-1"},
  "filter liquid": {"operation": "filter", "rel/attr": "attr", "obj_1": "dep", "obj_2": "-1"},
  "choose pattern": {"operation": "verify", "rel/attr": "attr", "obj_1": "dep", "obj_2": "-1"},
  "verify weight": {"operation": "verify", "rel/attr": "attr", "obj_1": "dep", "obj_2": "-1"},
  "choose width": {"operation": "verify", "rel/attr": "attr", "obj_1": "dep", "obj_2": "-1"},
  "verify depth": {"operation": "verify", "rel/attr": "attr", "obj_1": "dep", "obj_2": "-1"},
  "choose tone": {"operation": "verify", "rel/attr": "attr", "obj_1": "dep", "obj_2": "-1"},
  "verify gender": {"operation": "verify", "rel/attr": "attr", "obj_1": "dep", "obj_2": "-1"},
  "verify company": {"operation": "verify", "rel/attr": "attr", "obj_1": "dep", "obj_2": "-1"},
  "verify realism": {"operation": "verify", "rel/attr": "attr", "obj_1": "dep", "obj_2": "-1"},
  "filter depth": {"operation": "filter", "rel/attr": "attr", "obj_1": "dep", "obj_2": "-1"},
  "filter weight": {"operation": "filter", "rel/attr": "attr", "obj_1": "dep", "obj_2": "-1"},
  "choose age": {"operation": "verify", "rel/attr": "attr", "obj_1": "dep", "obj_2": "-1"},
  "filter orientation": {"operation": "filter", "rel/attr": "attr", "obj_1": "dep", "obj_2": "-1"},
  "choose depth": {"operation": "verify", "rel/attr": "attr", "obj_1": "dep", "obj_2": "-1"},
  "verify race": {"operation": "verify", "rel/attr": "attr", "obj_1": "dep", "obj_2": "-1"},
  "filter realism": {"operation": "filter", "rel/attr": "attr", "obj_1": "dep", "obj_2": "-1"},
  "different shape": {"operation": "different", "rel/attr": "shape", "obj_1": "dep", "obj_2": "-1"},
  "choose face expression": {"operation": "verify", "rel/attr": "attr", "obj_1": "dep", "obj_2": "-1"},
  "filter company": {"operation": "filter", "rel/attr": "attr", "obj_1": "dep", "obj_2": "-1"},
  "choose fatness": {"operation": "verify", "rel/attr": "attr", "obj_1": "dep", "obj_2": "-1"},
  "verify flavor": {"operation": "verify", "rel/attr": "attr", "obj_1": "dep", "obj_2": "-1"},
  "choose weight": {"operation": "verify", "rel/attr": "attr", "obj_1": "dep", "obj_2": "-1"},
  "verify type": {"operation": "verify", "rel/attr": "attr", "obj_1": "dep", "obj_2": "-1"},
  "filter event": {"operation": "filter", "rel/attr": "attr", "obj_1": "dep", "obj_2": "-1"},
  "same shape": {"operation": "same", "rel/attr": "shape", "obj_1": "dep", "obj_2": "-1"},
  "choose flavor": {"operation": "verify", "rel/attr": "attr", "obj_1": "dep", "obj_2": "-1"},
  "choose race": {"operation": "verify", "rel/attr": "attr", "obj_1": "dep", "obj_2": "-1"},
  "choose opaqness": {"operation": "verify", "rel/attr": "attr", "obj_1": "dep", "obj_2": "-1"},
  "choose gender": {"operation": "verify", "rel/attr": "attr", "obj_1": "dep", "obj_2": "-1"},
  "verify brightness": {"operation": "verify", "rel/attr": "attr", "obj_1": "dep", "obj_2": "-1"},
  "filter brightness": {"operation": "verify", "rel/attr": "attr", "obj_1": "dep", "obj_2": "-1"},
  "choose shorter": {"operation": "compare", "rel/attr": "shorter", "obj_1": "dep", "obj_2": "dep"},
  "choose higher": {"operation": "compare", "rel/attr": "higher", "obj_1": "dep", "obj_2": "dep"},
  "filter texture": {"operation": "filter", "rel/attr": "attr", "obj_1": "dep", "obj_2": "-1"},
  "verify texture": {"operation": "verify", "rel/attr": "attr", "obj_1": "dep", "obj_2": "-1"},
  "verify color": {"operation": "verify", "rel/attr": "attr", "obj_1": "dep", "obj_2": "-1"},
  "and": {"operation": "and", "rel/attr": "-1", "obj_1": "dep", "obj_2": "dep"},
  "choose company": {"operation": "verify", "rel/attr": "attr", "obj_1": "dep", "obj_2": "-1"},
  "choose taller": {"operation": "compare", "rel/attr": "taller", "obj_1": "dep", "obj_2": "dep"},
  "verify room": {"operation": "verify", "rel/attr": "attr", "obj_1": "dep", "obj_2": "-1"},
  "choose larger": {"operation": "compare", "rel/attr": "larger", "obj_1": "dep", "obj_2": "dep"},
  "choose hardness": {"operation": "verify", "rel/attr": "attr", "obj_1": "dep", "obj_2": "-1"},
  "choose smaller": {"operation": "compare", "rel/attr": "smaller", "obj_1": "dep", "obj_2": "dep"},
  "choose brightness": {"operation": "verify", "rel/attr": "attr", "obj_1": "dep", "obj_2": "-1"},
  "choose lower": {"operation": "compare", "rel/attr": "lower", "obj_1": "dep", "obj_2": "dep"},
  "choose realism": {"operation": "verify", "rel/attr": "attr", "obj_1": "dep", "obj_2": "-1"},
  "relate_inv": {"operation": "relate", "rel/attr": "rel", "obj_1": "obj", "obj_2": "dep"},
  "relate_name": {"operation": "relate", "rel/attr": "rel", "obj_1": "obj", "obj_2": "dep"},
  "relate_inv_name": {"operation": "relate", "rel/attr": "rel", "obj_1": "obj", "obj_2": "dep"},
  "relate_attr": {"operation": "relate", "rel/attr": "rel", "obj_1": "obj", "obj_2": "dep"},
  "filter_not": {"operation": "filter", "rel/attr": "attr_not", "obj_1": "dep", "obj_2": "-1"},
  "filter_h": {"operation": "filter", "rel/attr": "attr", "obj_1": "dep", "obj_2": "-1"},
  "query_n": {"operation": "query", "rel/attr": "attr", "obj_1": "dep", "obj_2": "-1"},
  "query_h": {"operation": "query", "rel/attr": "attr", "obj_1": "dep", "obj_2": "-1"},
  "query_f": {"operation": "query", "rel/attr": "attr", "obj_1": "dep", "obj_2": "-1"},
  "choose_n": {"operation": "verify", "rel/attr": "attr", "obj_1": "dep", "obj_2": "-1"},
  "choose_f": {"operation": "verify", "rel/attr": "attr", "obj_1": "dep", "obj_2": "-1"},
  "choose_attr": {"operation": "verify", "rel/attr": "attr", "obj_1": "dep", "obj_2": "-1"},
  "choose_h": {"operation": "verify", "rel/attr": "attr", "obj_1": "dep", "obj_2": "-1"},
  "choose_v": {"operation": "verify", "rel/attr": "attr", "obj_1": "dep", "obj_2": "-1"},
  "choose_rel_inv": {"operation": "verify", "rel/attr": "attr", "obj_1": "dep", "obj_2": "-1"},
  "choose_subj": {"operation": "compare", "rel/attr": "attr", "obj_1": "dep", "obj_2": "dep"},
  "verify_f": {"operation": "verify", "rel/attr": "attr", "obj_1": "dep", "obj_2": "-1"},
  "verify_h": {"operation": "verify", "rel/attr": "attr", "obj_1": "dep", "obj_2": "-1"},
  "verify_v": {"operation": "verify", "rel/attr": "attr", "obj_1": "dep", "obj_2": "-1"},
  "verify_rel": {"operation": "relate", "rel/attr": "rel", "obj_1": "obj", "obj_2": "dep"},
  "verify_rel_inv": {"operation": "relate", "rel/attr": "rel", "obj_1": "obj", "obj_2": "dep"},
  "same_attr": {"operation": "same", "rel/attr": "attr", "obj_1": "dep", "obj_2": "-1"},
  "different_attr": {"operation": "different", "rel/attr": "attr", "obj_1": "dep", "obj_2": "-1"}
}