{"yes": 0, "pipe": 1, "no": 2, "large": 3, "girl": 4, "bed": 5, "sofa": 6, "right": 7, "dark": 8, "cabinet": 9, "left": 10, "bird": 11, "brick": 12, "rock": 13, "children": 14, "brown": 15, "blond": 16, "pants": 17, "top": 18, "horse": 19, "blue": 20, "hot dog": 21, "banana": 22, "laptop": 23, "desk": 24, "bottom": 25, "eating": 26, "man": 27, "grass": 28, "dog": 29, "silver": 30, "bag": 31, "pedestrian": 32, "cabinets": 33, "green": 34, "window": 35, "giraffe": 36, "tiny": 37, "child": 38, "yellow": 39, "wooden": 40, "parking meter": 41, "fries": 42, "plants": 43, "orange": 44, "van": 45, "shirt": 46, "coat": 47, "controller": 48, "bench": 49, "television": 50, "black": 51, "carrot": 52, "sandwich": 53, "street": 54, "couch": 55, "closed": 56, "pink": 57, "boy": 58, "lady": 59, "tomato": 60, "horses": 61, "white": 62, "beef": 63, "cat": 64, "cutting board": 65, "overcast": 66, "vegetables": 67, "gray": 68, "onions": 69, "wood": 70, "toaster": 71, "bread": 72, "fence": 73, "player": 74, "roof": 75, "baby": 76, "calf": 77, "branch": 78, "street sign": 79, "backpack": 80, "jacket": 81, "teddy bear": 82, "game controller": 83, "herd": 84, "truck": 85, "red": 86, "printer": 87, "end table": 88, "wetsuit": 89, "building": 90, "carrots": 91, "train": 92, "pans": 93, "giraffes": 94, "coffee maker": 95, "bathroom": 96, "woman": 97, "monitor": 98, "sheep": 99, "trees": 100, "dining table": 101, "nightstand": 102, "car": 103, "table": 104, "bicycle": 105, "donkey": 106, "cell phone": 107, "teal": 108, "chair": 109, "bathtub": 110, "waiting": 111, "purple": 112, "small": 113, "airport": 114, "colorful": 115, "stuffed bear": 116, "light brown": 117, "piano": 118, "lying": 119, "clock": 120, "snow": 121, "lemon": 122, "sandy": 123, "shelf": 124, "cheese": 125, "light blue": 126, "plant": 127, "bowl": 128, "bus": 129, "dishwasher": 130, "pepperoni": 131, "pole": 132, "bear": 133, "monkey": 134, "shore": 135, "hedges": 136, "wall": 137, "elephant": 138, "sidewalk": 139, "swimming pool": 140, "blender": 141, "bookshelves": 142, "mountain": 143, "pizza": 144, "birds": 145, "people": 146, "radiator": 147, "metal": 148, "striped": 149, "playing": 150, "kitten": 151, "dirty": 152, "salad": 153, "sailboat": 154, "zebra": 155, "counter": 156, "lettuce": 157, "seat": 158, "asparagus": 159, "color": 160, "plastic": 161, "racket": 162, "dress": 163, "frisbee": 164, "standing": 165, "keyboard": 166, "motorcycle": 167, "phone": 168, "tree": 169, "computer": 170, "pointing": 171, "iron": 172, "skis": 173, "blouse": 174, "onion": 175, "bat": 176, "light switch": 177, "hook": 178, "mirror": 179, "surfboard": 180, "candle": 181, "catcher": 182, "bricks": 183, "newspaper": 184, "handbag": 185, "knife": 186, "branches": 187, "cap": 188, "stove": 189, "pots": 190, "computer mouse": 191, "chef": 192, "steps": 193, "tan": 194, "eggplant": 195, "mountains": 196, "open": 197, "refrigerator": 198, "oranges": 199, "snowboarding": 200, "oven": 201, "utensil": 202, "bedroom": 203, "olives": 204, "little": 205, "cow": 206, "boat": 207, "microwave": 208, "pizza oven": 209, "taxi": 210, "young": 211, "drawers": 212, "tablet": 213, "choppy": 214, "apron": 215, "syrup": 216, "plate": 217, "coffee cup": 218, "shoe": 219, "basket": 220, "pigeon": 221, "water": 222, "stop sign": 223, "mailbox": 224, "leather": 225, "remote control": 226, "home plate": 227, "spinach": 228, "tea kettle": 229, "cereal": 230, "tall": 231, "helmet": 232, "celery": 233, "vase": 234, "alien": 235, "collar": 236, "shorts": 237, "suit": 238, "carpet": 239, "donuts": 240, "batter": 241, "girls": 242, "skier": 243, "field": 244, "entertainment center": 245, "floor": 246, "chain": 247, "lamp": 248, "rope": 249, "pepper": 250, "tomatoes": 251, "drawer": 252, "cars": 253, "balcony": 254, "guy": 255, "boats": 256, "scooter": 257, "flower": 258, "wii controller": 259, "down": 260, "shopping bag": 261, "grape": 262, "ski": 263, "comforter": 264, "mattress": 265, "lamb": 266, "customer": 267, "pan": 268, "long": 269, "shower": 270, "nuts": 271, "sign": 272, "letters": 273, "surfer": 274, "mannequin": 275, "checkered": 276, "ground": 277, "fisherman": 278, "egg": 279, "zebras": 280, "shoes": 281, "dish": 282, "coffee": 283, "paper": 284, "store": 285, "thin": 286, "glass": 287, "hat": 288, "spatula": 289, "train car": 290, "skateboard": 291, "lake": 292, "airplane": 293, "concrete": 294, "stainless steel": 295, "bushes": 296, "hill": 297, "spoon": 298, "armchair": 299, "flowers": 300, "broccoli": 301, "suv": 302, "umbrella": 303, "glasses": 304, "ham": 305, "rubber duck": 306, "croissants": 307, "carriage": 308, "burger": 309, "beach": 310, "laptops": 311, "athlete": 312, "pickles": 313, "dark brown": 314, "trains": 315, "screen": 316, "bikes": 317, "beige": 318, "napkin": 319, "gravel": 320, "papers": 321, "door": 322, "gold": 323, "tofu": 324, "cows": 325, "hillside": 326, "sun": 327, "behind": 328, "jet": 329, "pavement": 330, "mushroom": 331, "material": 332, "snowboard": 333, "produce": 334, "dvd player": 335, "camera": 336, "sky": 337, "bun": 338, "vest": 339, "watch": 340, "locomotive": 341, "sausage": 342, "shop": 343, "ball": 344, "sneakers": 345, "sea foam": 346, "clouds": 347, "leaves": 348, "dresser": 349, "chili": 350, "gate": 351, "flag": 352, "stick": 353, "leggings": 354, "living room": 355, "rubber": 356, "mugs": 357, "parsley": 358, "merchandise": 359, "grill": 360, "shallow": 361, "medicine cabinet": 362, "chairs": 363, "ceiling": 364, "curtains": 365, "peppers": 366, "huge": 367, "kettle": 368, "crouching": 369, "deer": 370, "picture": 371, "passenger": 372, "bears": 373, "ship": 374, "belt": 375, "umpire": 376, "short": 377, "driver": 378, "thick": 379, "reading": 380, "tape": 381, "doll": 382, "bookshelf": 383, "basil": 384, "tongs": 385, "cream colored": 386, "oil": 387, "flames": 388, "gift": 389, "rocks": 390, "apple": 391, "blanket": 392, "menu": 393, "lego": 394, "wine": 395, "kite": 396, "aquarium": 397, "swan": 398, "mask": 399, "boot": 400, "dessert": 401, "wide": 402, "headphones": 403, "baseball bat": 404, "tables": 405, "drain": 406, "logo": 407, "tie": 408, "crates": 409, "blueberries": 410, "worker": 411, "chocolate": 412, "kiwi": 413, "cookie": 414, "wine glass": 415, "boys": 416, "jumping": 417, "rain": 418, "cord": 419, "books": 420, "speaker": 421, "heater": 422, "mickey mouse": 423, "cake": 424, "microphone": 425, "computer desk": 426, "coleslaw": 427, "wet": 428, "video games": 429, "uncomfortable": 430, "canoe": 431, "giant": 432, "dolls": 433, "desserts": 434, "park": 435, "pear": 436, "roses": 437, "apples": 438, "cooker": 439, "tablecloth": 440, "unpeeled": 441, "outdoors": 442, "clear": 443, "coffee pot": 444, "bucket": 445, "buildings": 446, "gas station": 447, "staring": 448, "snow pants": 449, "gloves": 450, "couple": 451, "fireplace": 452, "stone": 453, "statue": 454, "cyclist": 455, "money": 456, "jeans": 457, "cup": 458, "cinnamon": 459, "pie": 460, "tissues": 461, "fork": 462, "rabbit": 463, "off": 464, "stuffed animal": 465, "sweet potato": 466, "skinny": 467, "duck": 468, "deep": 469, "pedestrians": 470, "sleeveless": 471, "maroon": 472, "wheelchair": 473, "skillet": 474, "snowsuit": 475, "potatoes": 476, "glove": 477, "dogs": 478, "elephants": 479, "chimney": 480, "pillow": 481, "stickers": 482, "suitcase": 483, "toilet paper": 484, "lion": 485, "drink": 486, "potato": 487, "stormy": 488, "bananas": 489, "empty": 490, "grassy": 491, "scarf": 492, "trailer": 493, "sandals": 494, "aircraft": 495, "zoo": 496, "pot": 497, "bunny": 498, "puppy": 499, "sauce": 500, "ladder": 501, "parking lot": 502, "smoke": 503, "t-shirt": 504, "biker": 505, "fish": 506, "tangerine": 507, "coffee table": 508, "mixer": 509, "beer": 510, "tinted": 511, "sweater": 512, "doorway": 513, "berries": 514, "cooking": 515, "meats": 516, "towel": 517, "fire truck": 518, "round": 519, "donut": 520, "short sleeved": 521, "toast": 522, "squash": 523, "raincoat": 524, "talking": 525, "bagel": 526, "sour cream": 527, "lid": 528, "bandana": 529, "tissue": 530, "shelves": 531, "cupcake": 532, "men": 533, "sand": 534, "above": 535, "router": 536, "bridge": 537, "trunks": 538, "steak": 539, "long sleeved": 540, "wires": 541, "pancakes": 542, "moon": 543, "up": 544, "noodles": 545, "arrow": 546, "goose": 547, "american flag": 548, "wagon": 549, "beach umbrella": 550, "airplanes": 551, "road": 552, "heart": 553, "cone": 554, "countertop": 555, "poster": 556, "meat": 557, "drinking": 558, "rice": 559, "toilet": 560, "running": 561, "clean": 562, "dishes": 563, "fake": 564, "path": 565, "players": 566, "toothbrush": 567, "corn": 568, "skateboarder": 569, "controllers": 570, "tennis": 571, "dark blue": 572, "number": 573, "on": 574, "pastries": 575, "graffiti": 576, "shuttle": 577, "barrier": 578, "mustard": 579, "tray": 580, "calculator": 581, "sleeping": 582, "dispenser": 583, "cupboard": 584, "skateboarding": 585, "shape": 586, "ketchup": 587, "strawberries": 588, "kitchen": 589, "buoy": 590, "cups": 591, "skater": 592, "flower pot": 593, "match": 594, "buses": 595, "ribs": 596, "socks": 597, "grater": 598, "pipes": 599, "railroad": 600, "tree branches": 601, "jersey": 602, "air conditioner": 603, "pastry": 604, "bookcase": 605, "chinese food": 606, "outfit": 607, "bike": 608, "nut": 609, "onion rings": 610, "tractor": 611, "toddler": 612, "cooking pot": 613, "mushrooms": 614, "mat": 615, "bleachers": 616, "stained": 617, "walking": 618, "full": 619, "uniform": 620, "power line": 621, "pumpkin": 622, "watermelon": 623, "crust": 624, "bush": 625, "picture frame": 626, "looking down": 627, "grapes": 628, "character": 629, "honey": 630, "olive": 631, "power lines": 632, "serving tray": 633, "dragon": 634, "toys": 635, "helicopter": 636, "bacon": 637, "eye glasses": 638, "sword": 639, "women": 640, "sitting": 641, "light bulb": 642, "chicken breast": 643, "video camera": 644, "ocean": 645, "decorations": 646, "platform": 647, "hamburger": 648, "boots": 649, "porcelain": 650, "bare": 651, "soda": 652, "light": 653, "radio": 654, "stadium": 655, "pine tree": 656, "action figure": 657, "coach": 658, "seal": 659, "cooler": 660, "guitar": 661, "sandwiches": 662, "vegetable": 663, "curly": 664, "front": 665, "toothpaste": 666, "polo shirt": 667, "dotted": 668, "restaurant": 669, "life preserver": 670, "rackets": 671, "tomato sauce": 672, "rose": 673, "yard": 674, "eggs": 675, "fan": 676, "bedding": 677, "zucchini": 678, "dried": 679, "closet": 680, "star": 681, "khaki": 682, "artichoke": 683, "peas": 684, "umbrellas": 685, "bull": 686, "sandal": 687, "lemons": 688, "painting": 689, "blinds": 690, "magazine": 691, "luggage": 692, "pig": 693, "snake": 694, "cappuccino": 695, "intersection": 696, "beans": 697, "school bus": 698, "square": 699, "trash can": 700, "briefcase": 701, "sunglasses": 702, "juice": 703, "dirt": 704, "baseball": 705, "toy": 706, "log": 707, "cherry": 708, "toothbrushes": 709, "tennis ball": 710, "book": 711, "narrow": 712, "skirt": 713, "fire hydrant": 714, "game": 715, "house": 716, "clock tower": 717, "chicken": 718, "runway": 719, "stroller": 720, "mud": 721, "bronze": 722, "jeep": 723, "seagull": 724, "street light": 725, "traffic lights": 726, "strawberry": 727, "computer monitor": 728, "ambulance": 729, "costume": 730, "panda bear": 731, "wii": 732, "raw": 733, "still": 734, "pineapple": 735, "goat": 736, "trunk": 737, "vacuum": 738, "tent": 739, "curtain": 740, "dock": 741, "liquid": 742, "pitcher": 743, "cage": 744, "folding chair": 745, "console": 746, "ring": 747, "dry": 748, "workers": 749, "bell": 750, "shampoo bottle": 751, "new": 752, "bushy": 753, "station": 754, "heavy": 755, "cats": 756, "mangoes": 757, "dome": 758, "label": 759, "pasta salad": 760, "light fixture": 761, "can": 762, "pen": 763, "traffic light": 764, "male": 765, "jockey": 766, "spectators": 767, "sunny": 768, "letter": 769, "skate park": 770, "sheet": 771, "powder": 772, "ice cream": 773, "toy car": 774, "video game": 775, "turkey": 776, "utensils": 777, "cupcakes": 778, "riding": 779, "sock": 780, "cucumber": 781, "saucer": 782, "plantains": 783, "spectator": 784, "rectangular": 785, "dugout": 786, "tea": 787, "highway": 788, "dress shirt": 789, "owl": 790, "cables": 791, "mouse pad": 792, "rug": 793, "purse": 794, "ostrich": 795, "bottles": 796, "toppings": 797, "net": 798, "gun": 799, "cooked": 800, "adult": 801, "trash bag": 802, "undershirt": 803, "snowy": 804, "driving": 805, "fruit": 806, "symbol": 807, "receipt": 808, "ipod": 809, "figure": 810, "resting": 811, "soup": 812, "terminal": 813, "machine": 814, "cherries": 815, "pretzel": 816, "surfing": 817, "hose": 818, "binder": 819, "old": 820, "mother": 821, "sink": 822, "vine": 823, "appetizers": 824, "earring": 825, "porch": 826, "steam": 827, "calm": 828, "posing": 829, "brunette": 830, "bicycles": 831, "polar bear": 832, "paddle": 833, "microwave oven": 834, "jackets": 835, "cauliflower": 836, "spices": 837, "antelope": 838, "container": 839, "fence post": 840, "octopus": 841, "garnish": 842, "planter": 843, "stones": 844, "sheets": 845, "coke": 846, "bottle": 847, "swimsuit": 848, "spice": 849, "walnut": 850, "word": 851, "policeman": 852, "waffle": 853, "ottoman": 854, "desktop computer": 855, "cart": 856, "dryer": 857, "candy": 858, "skiing": 859, "broth": 860, "dip": 861, "milkshake": 862, "plates": 863, "wire": 864, "silverware": 865, "asian": 866, "office chair": 867, "outlet": 868, "projector": 869, "flags": 870, "buns": 871, "sad": 872, "feta cheese": 873, "pasta": 874, "hard drive": 875, "balloon": 876, "tv stand": 877, "tank top": 878, "lawn": 879, "lunch box": 880, "stuffed dog": 881, "picnic table": 882, "real": 883, "pillows": 884, "air": 885, "berry": 886, "soft drink": 887, "nike": 888, "trucks": 889, "restroom": 890, "tower": 891, "post": 892, "squirrel": 893, "crosswalk": 894, "walkway": 895, "mixing bowl": 896, "ducks": 897, "crackers": 898, "wine bottle": 899, "soccer player": 900, "pouch": 901, "necklace": 902, "wicker": 903, "pecan": 904, "hills": 905, "display": 906, "mashed potatoes": 907, "straw": 908, "boulders": 909, "peach": 910, "snowboarder": 911, "tag": 912, "pizza slice": 913, "fountain": 914, "magazines": 915, "chrome": 916, "side table": 917, "alligator": 918, "salt": 919, "rocky": 920, "frosting": 921, "orchard": 922, "hospital": 923, "map": 924, "gas stove": 925, "raisin": 926, "metallic": 927, "words": 928, "monitors": 929, "sticky notes": 930, "popcorn": 931, "parmesan cheese": 932, "placemat": 933, "hard": 934, "platter": 935, "bar stool": 936, "passengers": 937, "parachute": 938, "avocado": 939, "vases": 940, "bracelet": 941, "games": 942, "fried": 943, "black and white": 944, "chocolate chips": 945, "seagulls": 946, "scissors": 947, "dinosaur": 948, "outfits": 949, "soccer ball": 950, "shirts": 951, "cafe": 952, "office": 953, "employee": 954, "kites": 955, "ropes": 956, "bracelets": 957, "gym": 958, "bison": 959, "sushi": 960, "soldier": 961, "rifle": 962, "cracker": 963, "notebook": 964, "mozzarella": 965, "box": 966, "cabbage": 967, "onion ring": 968, "trash": 969, "palm tree": 970, "coffee cups": 971, "paintings": 972, "rainbow colored": 973, "chopsticks": 974, "cross": 975, "bikini": 976, "bee": 977, "hotel": 978, "paved": 979, "frog": 980, "burrito": 981, "cheeseburger": 982, "milk": 983, "mug": 984, "wristband": 985, "dvds": 986, "sweatshirt": 987, "shark": 988, "computers": 989, "grilled": 990, "pita": 991, "burner": 992, "train tracks": 993, "sticker": 994, "rhino": 995, "parrot": 996, "rough": 997, "cookies": 998, "performer": 999, "drapes": 1000, "rainy": 1001, "decoration": 1002, "chandelier": 1003, "beverages": 1004, "sweet potatoes": 1005, "crumbs": 1006, "flour": 1007, "frame": 1008, "paint": 1009, "candles": 1010, "beverage": 1011, "cheesecake": 1012, "steel": 1013, "cream": 1014, "leafy": 1015, "brownie": 1016, "benches": 1017, "happy": 1018, "goats": 1019, "cactus": 1020, "charger": 1021, "antenna": 1022, "breakfast": 1023, "crate": 1024, "forest": 1025, "washing machine": 1026, "omelette": 1027, "river": 1028, "packet": 1029, "beer mug": 1030, "wii controllers": 1031, "crab": 1032, "ripe": 1033, "feeder": 1034, "herb": 1035, "step": 1036, "flamingo": 1037, "city": 1038, "muffin": 1039, "speakers": 1040, "cloudless": 1041, "baking pan": 1042, "carts": 1043, "cream cheese": 1044, "pigeons": 1045, "camel": 1046, "tool": 1047, "gown": 1048, "blueberry": 1049, "jumpsuit": 1050, "crowd": 1051, "raisins": 1052, "minivan": 1053, "cobblestone": 1054, "dough": 1055, "panda": 1056, "brush": 1057, "wristwatch": 1058, "pizzas": 1059, "unpaved": 1060, "skateboards": 1061, "jars": 1062, "moss": 1063, "magnets": 1064, "jar": 1065, "foggy": 1066, "hair": 1067, "numbers": 1068, "lime": 1069, "penguin": 1070, "blazer": 1071, "roll": 1072, "figurines": 1073, "dolphin": 1074, "garage": 1075, "stairs": 1076, "safety jacket": 1077, "shrimp": 1078, "styrofoam": 1079, "officers": 1080, "soda bottle": 1081, "gummy bear": 1082, "cans": 1083, "watermelons": 1084, "pond": 1085, "wine glasses": 1086, "soldiers": 1087, "pine trees": 1088, "garlic": 1089, "lush": 1090, "gentleman": 1091, "dressing": 1092, "soap bottle": 1093, "unripe": 1094, "sea": 1095, "towels": 1096, "containers": 1097, "liquor": 1098, "murky": 1099, "whale": 1100, "potato salad": 1101, "potato chips": 1102, "waffles": 1103, "poodle": 1104, "hay": 1105, "yogurt": 1106, "sculpture": 1107, "alcohol": 1108, "tiles": 1109, "palm trees": 1110, "pajamas": 1111, "copper": 1112, "croissant": 1113, "swimming": 1114, "bags": 1115, "snail": 1116, "diaper": 1117, "wavy": 1118, "wool": 1119, "sprinkles": 1120, "fire extinguisher": 1121, "bowls": 1122, "light bulbs": 1123, "hats": 1124, "spoons": 1125, "peacock": 1126, "boxes": 1127, "eagle": 1128, "cinnamon roll": 1129, "granite": 1130, "roasted": 1131, "cloudy": 1132, "daughter": 1133, "foil": 1134, "icing": 1135, "peaches": 1136, "bath towel": 1137, "officer": 1138, "train station": 1139, "pesto": 1140, "telephone pole": 1141, "artwork": 1142, "bedspread": 1143, "caucasian": 1144, "bending": 1145, "female": 1146, "toaster oven": 1147, "walnuts": 1148, "triangular": 1149, "beet": 1150, "headband": 1151, "drawings": 1152, "beach chair": 1153, "donkeys": 1154, "below": 1155, "bread loaf": 1156, "paper towel": 1157, "gourd": 1158, "rotten": 1159, "mound": 1160, "pasture": 1161, "low": 1162, "parent": 1163, "bus stop": 1164, "bar stools": 1165, "gadget": 1166, "cakes": 1167, "phones": 1168, "cupboards": 1169, "wine bottles": 1170, "gravy": 1171, "covered": 1172, "cockpit": 1173, "mayonnaise": 1174, "marble": 1175, "cereal box": 1176, "butterfly": 1177, "kimono": 1178, "clocks": 1179, "tea pot": 1180, "food truck": 1181, "cords": 1182, "urinal": 1183, "bamboo": 1184, "peanut": 1185, "tissue box": 1186, "fire": 1187, "nutella": 1188, "ramekin": 1189, "dining room": 1190, "leaf": 1191, "name tag": 1192, "hotel room": 1193, "rolling pin": 1194, "olive oil": 1195, "hummus": 1196, "balls": 1197, "wines": 1198, "town": 1199, "pea": 1200, "goggles": 1201, "dragons": 1202, "drinks": 1203, "marshmallow": 1204, "audience": 1205, "dumplings": 1206, "traffic sign": 1207, "oreo": 1208, "raspberry": 1209, "plain": 1210, "skating": 1211, "patio": 1212, "bone": 1213, "church": 1214, "classroom": 1215, "beer bottle": 1216, "chalkboard": 1217, "life jacket": 1218, "lemonade": 1219, "deck": 1220, "pancake": 1221, "cathedral": 1222, "toiletries": 1223, "backyard": 1224, "whisk": 1225, "brass": 1226, "vending machine": 1227, "island": 1228, "fog": 1229, "hot dogs": 1230, "water bottle": 1231, "canopy": 1232, "drape": 1233, "topping": 1234, "parking sign": 1235, "antique": 1236, "mesh": 1237, "pens": 1238, "cowboy hat": 1239, "fruits": 1240, "cucumbers": 1241, "grapefruit": 1242, "fans": 1243, "meatballs": 1244, "houses": 1245, "under": 1246, "farmer": 1247, "crane": 1248, "hand dryer": 1249, "cowboy": 1250, "beds": 1251, "macaroni": 1252, "cheetah": 1253, "puddle": 1254, "stuffed animals": 1255, "coffee mug": 1256, "bakery": 1257, "lamps": 1258, "herbs": 1259, "bouquet": 1260, "hair clip": 1261, "hallway": 1262, "cable": 1263, "biscuit": 1264, "cell phones": 1265, "tree leaves": 1266, "pizza pan": 1267, "drum": 1268, "raspberries": 1269, "ice maker": 1270, "shut": 1271, "cards": 1272, "pocket": 1273, "faucet": 1274, "guacamole": 1275, "coconut": 1276, "baseball players": 1277, "bug": 1278, "high": 1279, "brushing teeth": 1280, "ice": 1281, "toothpicks": 1282, "partly cloudy": 1283, "waiter": 1284, "tortilla": 1285, "spider": 1286, "snoopy": 1287, "weeds": 1288, "stew": 1289, "asphalt": 1290, "buoys": 1291, "family": 1292, "logs": 1293, "adidas": 1294, "underwear": 1295, "cliff": 1296, "sailboats": 1297, "robe": 1298, "casserole": 1299, "ketchup bottle": 1300, "teddy bears": 1301, "lock": 1302, "couches": 1303, "figurine": 1304, "pencil": 1305, "leafless": 1306, "drawing": 1307, "flip flops": 1308, "hippo": 1309, "paper dispenser": 1310, "cigarette": 1311, "barn": 1312, "hardwood": 1313, "staircase": 1314, "entrance": 1315, "windows": 1316, "picnic tables": 1317, "fudge": 1318, "whipped cream": 1319, "performing trick": 1320, "blind": 1321, "vinegar": 1322, "beets": 1323, "curved": 1324, "roast beef": 1325, "spray bottle": 1326, "chopstick": 1327, "soap dispenser": 1328, "dog food": 1329, "bus driver": 1330, "banana bunch": 1331, "dumpster": 1332, "twigs": 1333, "napkins": 1334, "bagels": 1335, "baskets": 1336, "ceramic": 1337, "pineapples": 1338, "street lights": 1339, "soap": 1340, "brownies": 1341, "lobby": 1342, "christmas lights": 1343, "cameras": 1344, "fruit stand": 1345, "soda can": 1346, "hotdog bun": 1347, "fat": 1348, "mall": 1349, "pizza boxes": 1350, "melon": 1351, "customers": 1352, "roadway": 1353, "athletic shoe": 1354, "peeled": 1355, "farm": 1356, "tunnel": 1357, "food container": 1358, "powdered sugar": 1359, "rice cooker": 1360, "spots": 1361, "sugar": 1362, "hair dryer": 1363, "tractors": 1364, "broom": 1365, "skin": 1366, "pillowcase": 1367, "smoothie": 1368, "ear buds": 1369, "garment": 1370, "soft": 1371, "walls": 1372, "ravioli": 1373, "seafood": 1374, "hammer": 1375, "sack": 1376, "blenders": 1377, "sponge": 1378, "sunflower": 1379, "cabin": 1380, "tuna": 1381, "beautiful": 1382, "heels": 1383, "butter": 1384, "scooters": 1385, "wardrobe": 1386, "forks": 1387, "lambs": 1388, "tin": 1389, "cat food": 1390, "engineer": 1391, "oatmeal": 1392, "clay": 1393, "butterflies": 1394, "team": 1395, "lipstick": 1396, "ladle": 1397, "food processor": 1398, "wok": 1399, "shelter": 1400, "lobster": 1401, "snacks": 1402, "vests": 1403, "face mask": 1404, "peanut butter": 1405, "balloons": 1406, "peanuts": 1407, "wallpaper": 1408, "cranberries": 1409, "crown": 1410, "caramel": 1411, "floor lamp": 1412, "shower curtain": 1413, "blankets": 1414, "garden": 1415, "surfboards": 1416, "meal": 1417, "wolf": 1418, "gifts": 1419, "father": 1420, "cd": 1421, "chains": 1422, "tourist": 1423, "canister": 1424, "spear": 1425, "pilot": 1426, "mountain side": 1427, "pencils": 1428, "trumpet": 1429, "knives": 1430, "mango": 1431, "magnet": 1432, "guys": 1433, "satellite dish": 1434, "table lamp": 1435, "keyboards": 1436, "swimmer": 1437, "stump": 1438, "goal": 1439, "roadside": 1440, "wig": 1441, "chickens": 1442, "card": 1443, "looking up": 1444, "aluminum": 1445, "pandas": 1446, "soap dish": 1447, "pomegranate": 1448, "tourists": 1449, "parrots": 1450, "toilet brush": 1451, "remote controls": 1452, "suits": 1453, "cotton": 1454, "tents": 1455, "water glass": 1456, "market": 1457, "healthy": 1458, "envelope": 1459, "baking sheet": 1460, "marker": 1461, "muffins": 1462, "museum": 1463, "stage": 1464, "snow flakes": 1465, "dry-erase board": 1466, "making a face": 1467, "fishing pole": 1468, "lighthouse": 1469, "earphones": 1470, "photographer": 1471, "gorilla": 1472, "seeds": 1473, "sticks": 1474, "shopping cart": 1475, "pears": 1476, "alarm clock": 1477, "tree branch": 1478, "almonds": 1479, "tiger": 1480, "temple": 1481, "hedge": 1482, "kitchen towel": 1483, "motorcycles": 1484, "garland": 1485, "pudding": 1486, "vintage": 1487, "coarse": 1488, "swans": 1489, "pretzels": 1490, "swamp": 1491, "dense": 1492, "daisy": 1493, "dish soap": 1494, "opaque": 1495, "french toast": 1496, "straight": 1497, "tennis balls": 1498, "meadow": 1499, "taking pictures": 1500, "orchid": 1501, "champagne": 1502, "indoors": 1503, "pizza pie": 1504, "egg roll": 1505, "flatbread": 1506, "coconuts": 1507, "flip flop": 1508, "skyscraper": 1509, "fur": 1510, "denim": 1511, "scaffolding": 1512, "coin": 1513, "policemen": 1514, "stuffed bears": 1515, "cane": 1516, "cloth": 1517, "cake stand": 1518, "pump": 1519, "soccer": 1520, "loaf": 1521, "knife block": 1522, "ski lift": 1523, "modern": 1524, "old fashioned": 1525, "cotton dessert": 1526, "trays": 1527, "smooth": 1528, "lunch": 1529, "dull": 1530, "shield": 1531, "dinner": 1532, "cloths": 1533, "waterfall": 1534, "waste basket": 1535, "scarce": 1536, "salt shaker": 1537, "pocket watch": 1538, "unhealthy": 1539, "moose": 1540, "seaweed": 1541, "panda bears": 1542, "candies": 1543, "batteries": 1544, "comb": 1545, "wallet": 1546, "students": 1547, "geese": 1548, "apartment building": 1549, "taking a picture": 1550, "stars": 1551, "granola": 1552, "leopard": 1553, "cardboard": 1554, "shoe laces": 1555, "hairbrush": 1556, "chef hat": 1557, "crystal": 1558, "pizza tray": 1559, "bread box": 1560, "luggage cart": 1561, "apartment": 1562, "angry": 1563, "characters": 1564, "oak tree": 1565, "angry bird": 1566, "backpacks": 1567, "shaving cream": 1568, "lace": 1569, "desert": 1570, "anchovies": 1571, "dresses": 1572, "paper towels": 1573, "garage door": 1574, "courtyard": 1575, "vanilla": 1576, "uncooked": 1577, "battery": 1578, "butter knife": 1579, "mint": 1580, "package": 1581, "biscuits": 1582, "son": 1583, "cake pan": 1584, "snack": 1585, "riding boots": 1586, "rooftop": 1587, "irregular": 1588, "baked": 1589, "kittens": 1590, "sconce": 1591, "serving dish": 1592, "mirrors": 1593, "bubble": 1594, "printers": 1595, "ice cube": 1596, "knee pads": 1597, "doors": 1598, "ceiling light": 1599, "cotton candy": 1600, "helmets": 1601, "cheese cube": 1602, "bartender": 1603, "pistachio": 1604, "ugly": 1605, "sausages": 1606, "beer can": 1607, "baker": 1608, "coffee beans": 1609, "almond": 1610, "ovens": 1611, "curled": 1612, "underneath": 1613, "suitcases": 1614, "food": 1615, "vendor": 1616, "marina": 1617, "lizard": 1618, "homes": 1619, "shops": 1620, "mannequins": 1621, "turtle": 1622, "kiosk": 1623, "blossom": 1624, "chickpeas": 1625, "hangar": 1626, "ornament": 1627, "amusement park": 1628, "milk carton": 1629, "mexican food": 1630, "seed": 1631, "avocados": 1632, "masks": 1633, "pumpkins": 1634, "auditorium": 1635, "papaya": 1636, "stapler": 1637, "hamburgers": 1638, "earrings": 1639, "wildflowers": 1640, "bats": 1641, "hand soap": 1642, "fresh": 1643, "manhole cover": 1644, "dolphins": 1645, "thermometer": 1646, "castle": 1647, "cones": 1648, "pizza cutter": 1649, "pizza box": 1650, "heel": 1651, "salmon": 1652, "door frame": 1653, "taco": 1654, "pork": 1655, "school": 1656, "wedding": 1657, "bubbles": 1658, "eiffel tower": 1659, "cranberry": 1660, "napkin dispenser": 1661, "bandage": 1662, "elmo": 1663, "notepad": 1664, "pepper shaker": 1665, "artichokes": 1666, "tools": 1667, "window frame": 1668, "steamed": 1669, "groceries": 1670, "lily": 1671, "cookbook": 1672, "paper container": 1673, "theater": 1674, "hippos": 1675, "taking a photo": 1676, "hilltop": 1677, "twig": 1678, "cemetery": 1679, "animal": 1680, "wii game": 1681, "beads": 1682, "lilies": 1683, "cafeteria": 1684, "towel dispenser": 1685, "blood": 1686, "ladles": 1687, "jewelry": 1688, "hearts": 1689, "snow boots": 1690, "library": 1691, "utensil holder": 1692, "football": 1693, "bird cage": 1694, "dish drainer": 1695, "cds": 1696, "banana peel": 1697, "vines": 1698, "pizza crust": 1699, "shopper": 1700, "harbor": 1701, "tags": 1702, "keypad": 1703, "dinosaurs": 1704, "stir fry": 1705, "bomb": 1706, "necklaces": 1707, "packages": 1708, "uniforms": 1709, "sparse": 1710, "unhappy": 1711, "control panel": 1712, "antennas": 1713, "spray can": 1714, "feathers": 1715, "electric toothbrush": 1716, "potted": 1717, "juice box": 1718, "toolbox": 1719, "visitor": 1720, "ornaments": 1721, "sign post": 1722, "baseball mitt": 1723, "robot": 1724, "blackberries": 1725, "desk lamp": 1726, "glaze": 1727, "melons": 1728, "cookie dough": 1729, "paint brush": 1730, "mustard bottle": 1731, "apple logo": 1732, "salad dressing": 1733, "mattresses": 1734, "cash register": 1735, "nest": 1736, "knee pad": 1737, "supermarket": 1738, "toasted": 1739, "price tag": 1740, "canisters": 1741, "christmas light": 1742, "antelopes": 1743, "dream catcher": 1744, "student": 1745, "fine": 1746, "kangaroo": 1747, "smoke stack": 1748, "music": 1749, "cages": 1750, "soccer balls": 1751, "ostriches": 1752, "ice cubes": 1753, "televisions": 1754, "candle holder": 1755, "grinder": 1756, "xbox controller": 1757, "cricket": 1758, "hurdle": 1759, "obstacle": 1760, "lab coat": 1761, "gas pump": 1762, "banana bunches": 1763, "bell tower": 1764, "waitress": 1765, "coats": 1766, "sugar packet": 1767, "mountain peak": 1768, "silk": 1769, "blossoms": 1770, "pillars": 1771, "scrub brush": 1772, "village": 1773, "kiwis": 1774, "octagonal": 1775, "parachutes": 1776, "lions": 1777, "egg carton": 1778, "visitors": 1779, "sunflowers": 1780, "shoe lace": 1781, "rhinos": 1782, "lounge": 1783, "elbow pad": 1784, "egg yolk": 1785, "outlets": 1786, "baseball bats": 1787, "life jackets": 1788, "snakes": 1789, "vitamins": 1790, "cigar": 1791, "beneath": 1792, "storage box": 1793, "armor": 1794, "cookie jar": 1795, "rounded": 1796, "seat belt": 1797, "owls": 1798, "appetizer": 1799, "beer cans": 1800, "salon": 1801, "stores": 1802, "shoppers": 1803, "bird house": 1804, "sugar packets": 1805, "wild": 1806, "coffee shop": 1807, "dvd players": 1808, "shopping center": 1809, "taking bath": 1810, "towers": 1811, "water bottles": 1812, "waves": 1813, "shaking hands": 1814, "pikachu": 1815, "wolves": 1816, "immature": 1817, "shampoo": 1818, "orchids": 1819, "attic": 1820, "elevator": 1821, "wave": 1822, "horse hoof": 1823}