{"#0": 1, "#1": 2, "#2": 3, "#3": 4, "#4": 5, "#5": 6, "#6": 7, "#7": 8, "#8": 9, "#9": 10, "#10": 11, "#11": 12, "#12": 13, "#13": 14, "#14": 15, "#15": 16, "#16": 17, "#17": 18, "#18": 19, "#19": 20, "#20": 21, "#21": 22, "#22": 23, "#23": 24, "#24": 25, "#25": 26, "#26": 27, "#27": 28, "#28": 29, "#29": 30, "#30": 31, "#31": 32, "#32": 33, "#33": 34, "#34": 35, "#35": 36, "@1": 37, "@2": 38, "@3": 39, "@4": 40, "@5": 41, "@6": 42, "@7": 43, "@8": 44, "@9": 45, "@10": 46, "@11": 47, "@12": 48, "@13": 49, "@14": 50, "@15": 51, "@16": 52, "is": 53, "dark": 54, "on": 55, "white": 56, "pipe": 57, "not": 58, "red": 59, "tall": 60, "large": 61, "wearing": 62, "girl": 63, "that": 64, "sleeping": 65, "in": 66, "bed": 67, "to": 68, "the": 69, "left": 70, "of": 71, "right": 72, "sofa": 73, "steel": 74, "located": 75, "at": 76, "top": 77, "there": 78, "hanging": 79, "cabinet": 80, "no": 81, "car": 82, "sitting": 83, "bird": 84, "brick": 85, "bike": 86, "rock": 87, "child": 88, "brown": 89, "blond": 90, "pant": 91, "green": 92, "horse": 93, "eating": 94, "from": 95, "and": 96, "striped": 97, "ripe": 98, "above": 99, "blue": 100, "couch": 101, "hot": 102, "dog": 103, "banana": 104, "wood": 105, "laptop": 106, "are": 107, "desk": 108, "bottom": 109, "picture": 110, "front": 111, "man": 112, "grass": 113, "little": 114, "all": 115, "standing": 116, "silver": 117, "bag": 118, "pedestrian": 119, "black": 120, "under": 121, "yellow": 122, "window": 123, "giraffe": 124, "below": 125, "near": 126, "tiny": 127, "watching": 128, "running": 129, "box": 130, "parking": 131, "meter": 132, "holding": 133, "gray": 134, "fry": 135, "plant": 136, "orange": 137, "van": 138, "shirt": 139, "coat": 140, "controller": 141, "small": 142, "bench": 143, "television": 144, "boot": 145, "inside": 146, "carrot": 147, "behind": 148, "sandwich": 149, "neither": 150, "fence": 151, "nor": 152, "mirror": 153, "bottle": 154, "lamb": 155, "by": 156, "walking": 157, "street": 158, "closed": 159, "glass": 160, "pink": 161, "balancing": 162, "boy": 163, "metal": 164, "tomato": 165, "lady": 166, "beef": 167, "cat": 168, "cutting": 169, "board": 170, "overcast": 171, "bread": 172, "paper": 173, "vegetable": 174, "onion": 175, "vase": 176, "plastic": 177, "triangular": 178, "toaster": 179, "train": 180, "player": 181, "roof": 182, "looking": 183, "baby": 184, "next": 185, "middle": 186, "calf": 187, "traffic": 188, "light": 189, "tent": 190, "branch": 191, "sign": 192, "lying": 193, "backpack": 194, "jacket": 195, "crossing": 196, "stuffed": 197, "teddy": 198, "bear": 199, "game": 200, "swinging": 201, "full": 202, "herd": 203, "purple": 204, "truck": 205, "printer": 206, "end": 207, "table": 208, "wetsuit": 209, "building": 210, "around": 211, "pan": 212, "racket": 213, "dining": 214, "driving": 215, "skirt": 216, "coffee": 217, "maker": 218, "bathroom": 219, "woman": 220, "monitor": 221, "sheep": 222, "tree": 223, "nightstand": 224, "hat": 225, "bicycle": 226, "donkey": 227, "cooked": 228, "cell": 229, "phone": 230, "teal": 231, "soap": 232, "plate": 233, "chair": 234, "snowboard": 235, "bathtub": 236, "waiting": 237, "pepper": 238, "shaker": 239, "open": 240, "parachute": 241, "lock": 242, "cupboard": 243, "using": 244, "airport": 245, "colorful": 246, "adidas": 247, "piano": 248, "clock": 249, "pulling": 250, "snow": 251, "lemon": 252, "square": 253, "smooth": 254, "sandy": 255, "skiing": 256, "shelf": 257, "towel": 258, "cheese": 259, "bowl": 260, "bus": 261, "dishwasher": 262, "video": 263, "camera": 264, "pepperoni": 265, "pole": 266, "monkey": 267, "mannequin": 268, "napkin": 269, "shore": 270, "old": 271, "hedge": 272, "wall": 273, "feeding": 274, "elephant": 275, "sidewalk": 276, "swimming": 277, "pool": 278, "covering": 279, "blender": 280, "brunette": 281, "magazine": 282, "bookshelf": 283, "door": 284, "groomed": 285, "mountain": 286, "pizza": 287, "short": 288, "for": 289, "food": 290, "umpire": 291, "people": 292, "radiator": 293, "playing": 294, "helmet": 295, "kitten": 296, "dirty": 297, "bright": 298, "drinking": 299, "tan": 300, "salad": 301, "sailboat": 302, "riding": 303, "suitcase": 304, "iron": 305, "zebra": 306, "counter": 307, "lettuce": 308, "seat": 309, "with": 310, "beige": 311, "asparagus": 312, "curly": 313, "wolf": 314, "both": 315, "watch": 316, "athletic": 317, "dress": 318, "murky": 319, "wavy": 320, "frisbee": 321, "soccer": 322, "surfboard": 323, "carrying": 324, "keyboard": 325, "computer": 326, "mouse": 327, "motorcycle": 328, "ice": 329, "clean": 330, "foggy": 331, "pointing": 332, "ski": 333, "long": 334, "sleeved": 335, "blouse": 336, "bat": 337, "down": 338, "switch": 339, "hook": 340, "candle": 341, "butter": 342, "knife": 343, "container": 344, "catcher": 345, "cup": 346, "sugar": 347, "packet": 348, "newspaper": 349, "handbag": 350, "covered": 351, "cap": 352, "stove": 353, "pot": 354, "apple": 355, "chef": 356, "step": 357, "eggplant": 358, "refrigerator": 359, "gold": 360, "snowboarding": 361, "flag": 362, "oven": 363, "rope": 364, "utensil": 365, "bedroom": 366, "dried": 367, "while": 368, "cloudy": 369, "olive": 370, "round": 371, "cow": 372, "boat": 373, "microwave": 374, "taxi": 375, "denim": 376, "young": 377, "comfortable": 378, "drawer": 379, "tablet": 380, "choppy": 381, "deer": 382, "apron": 383, "soft": 384, "drink": 385, "beneath": 386, "syrup": 387, "fork": 388, "shoe": 389, "contain": 390, "basket": 391, "pigeon": 392, "water": 393, "perched": 394, "beside": 395, "stop": 396, "side": 397, "mailbox": 398, "leather": 399, "underneath": 400, "remote": 401, "control": 402, "home": 403, "spinach": 404, "tea": 405, "kettle": 406, "rectangular": 407, "cereal": 408, "up": 409, "skateboarder": 410, "wide": 411, "celery": 412, "cigarette": 413, "mat": 414, "kite": 415, "male": 416, "moving": 417, "alien": 418, "collar": 419, "screen": 420, "suit": 421, "pad": 422, "toilet": 423, "carpet": 424, "donut": 425, "baseball": 426, "batter": 427, "skier": 428, "field": 429, "entertainment": 430, "center": 431, "biker": 432, "officer": 433, "floor": 434, "parked": 435, "skateboard": 436, "surfing": 437, "chain": 438, "lamp": 439, "wicker": 440, "broom": 441, "balcony": 442, "guy": 443, "scooter": 444, "flower": 445, "wii": 446, "happy": 447, "shopping": 448, "spoon": 449, "grape": 450, "leaning": 451, "performing": 452, "trick": 453, "wet": 454, "airplane": 455, "skinny": 456, "comforter": 457, "mattress": 458, "grazing": 459, "reflected": 460, "customer": 461, "cake": 462, "stand": 463, "tray": 464, "shower": 465, "nut": 466, "letter": 467, "surfer": 468, "puppy": 469, "umbrella": 470, "checkered": 471, "coin": 472, "ground": 473, "fisherman": 474, "egg": 475, "dish": 476, "toast": 477, "filled": 478, "female": 479, "store": 480, "thin": 481, "cd": 482, "off": 483, "throwing": 484, "spatula": 485, "panda": 486, "clear": 487, "lake": 488, "concrete": 489, "stainless": 490, "trash": 491, "can": 492, "safety": 493, "surrounding": 494, "bush": 495, "hill": 496, "pulled": 497, "armchair": 498, "broccoli": 499, "suv": 500, "passenger": 501, "ham": 502, "rubber": 503, "duck": 504, "croissant": 505, "sliced": 506, "ridged": 507, "carriage": 508, "burger": 509, "ball": 510, "beach": 511, "calculator": 512, "router": 513, "dressed": 514, "plier": 515, "armor": 516, "tennis": 517, "athlete": 518, "pickle": 519, "uncooked": 520, "swan": 521, "tablecloth": 522, "sheet": 523, "rough": 524, "gravel": 525, "shampoo": 526, "tofu": 527, "house": 528, "furry": 529, "hillside": 530, "briefcase": 531, "sun": 532, "opening": 533, "jet": 534, "pavement": 535, "mushroom": 536, "produce": 537, "hippo": 538, "dvd": 539, "sky": 540, "bun": 541, "vest": 542, "flying": 543, "locomotive": 544, "sausage": 545, "staring": 546, "envelope": 547, "shop": 548, "same": 549, "material": 550, "kicking": 551, "or": 552, "cookie": 553, "sneaker": 554, "rounded": 555, "sea": 556, "foam": 557, "cloud": 558, "leaf": 559, "touching": 560, "toothbrush": 561, "dresser": 562, "floating": 563, "slice": 564, "chili": 565, "gate": 566, "stick": 567, "legging": 568, "balloon": 569, "cream": 570, "colored": 571, "living": 572, "room": 573, "mug": 574, "parsley": 575, "rabbit": 576, "boar": 577, "sponge": 578, "elbow": 579, "drainer": 580, "merchandise": 581, "grill": 582, "cash": 583, "register": 584, "shallow": 585, "life": 586, "hand": 587, "public": 588, "mustard": 589, "rug": 590, "cage": 591, "chrome": 592, "medicine": 593, "catching": 594, "thick": 595, "peanut": 596, "printed": 597, "ceiling": 598, "curtain": 599, "huge": 600, "cloth": 601, "crouching": 602, "chewing": 603, "through": 604, "ship": 605, "belt": 606, "pillow": 607, "topped": 608, "flamingo": 609, "driver": 610, "reading": 611, "tape": 612, "doll": 613, "against": 614, "basil": 615, "tongs": 616, "color": 617, "oil": 618, "hair": 619, "clip": 620, "flame": 621, "gift": 622, "wire": 623, "fire": 624, "hydrant": 625, "blanket": 626, "menu": 627, "lego": 628, "wine": 629, "raw": 630, "onto": 631, "aquarium": 632, "bee": 633, "mask": 634, "tissue": 635, "talking": 636, "entering": 637, "cooking": 638, "dessert": 639, "headphone": 640, "bare": 641, "chimney": 642, "drain": 643, "logo": 644, "empty": 645, "tie": 646, "crate": 647, "decorated": 648, "blueberry": 649, "worker": 650, "chocolate": 651, "cupcake": 652, "kiwi": 653, "skating": 654, "jumping": 655, "rain": 656, "cord": 657, "book": 658, "speaker": 659, "lion": 660, "heater": 661, "mickey": 662, "bulb": 663, "folding": 664, "microphone": 665, "coleslaw": 666, "uncomfortable": 667, "canoe": 668, "giant": 669, "park": 670, "pear": 671, "posing": 672, "rose": 673, "marble": 674, "cooker": 675, "unpeeled": 676, "outdoor": 677, "leading": 678, "over": 679, "bucket": 680, "barefoot": 681, "tin": 682, "gas": 683, "station": 684, "planter": 685, "ring": 686, "snack": 687, "heavy": 688, "wrinkled": 689, "glove": 690, "couple": 691, "facing": 692, "fireplace": 693, "stone": 694, "resting": 695, "statue": 696, "cyclist": 697, "money": 698, "modern": 699, "waiter": 700, "jean": 701, "skateboarding": 702, "sprinkled": 703, "cinnamon": 704, "pie": 705, "toddler": 706, "engineer": 707, "ostrich": 708, "scarf": 709, "sculpture": 710, "granite": 711, "smoking": 712, "animal": 713, "sweet": 714, "potato": 715, "deep": 716, "american": 717, "bouquet": 718, "working": 719, "pushing": 720, "rocky": 721, "sleeveless": 722, "maroon": 723, "partly": 724, "wheelchair": 725, "skillet": 726, "snowsuit": 727, "tasty": 728, "angry": 729, "sticker": 730, "stormy": 731, "penguin": 732, "leopard": 733, "grassy": 734, "cart": 735, "wrapped": 736, "trailer": 737, "sandal": 738, "aircraft": 739, "kept": 740, "zoo": 741, "narrow": 742, "adult": 743, "bunny": 744, "sauce": 745, "kneeling": 746, "leafy": 747, "ladder": 748, "lot": 749, "coming": 750, "out": 751, "smoke": 752, "faucet": 753, "soda": 754, "t-shirt": 755, "fish": 756, "dumpster": 757, "tangerine": 758, "mixer": 759, "soldier": 760, "tied": 761, "beer": 762, "tinted": 763, "sweater": 764, "doorway": 765, "berry": 766, "meat": 767, "squash": 768, "raincoat": 769, "bagel": 770, "sour": 771, "lid": 772, "cloudless": 773, "bandana": 774, "men": 775, "sand": 776, "bridge": 777, "trunk": 778, "steak": 779, "pancake": 780, "moon": 781, "hugging": 782, "noodle": 783, "arrow": 784, "grilled": 785, "goat": 786, "goose": 787, "wagon": 788, "road": 789, "heart": 790, "dispenser": 791, "sad": 792, "sunlit": 793, "cone": 794, "countertop": 795, "poster": 796, "rice": 797, "ottoman": 798, "calm": 799, "past": 800, "melted": 801, "toolbox": 802, "swimmer": 803, "fake": 804, "sunny": 805, "path": 806, "cane": 807, "corn": 808, "grinder": 809, "vending": 810, "machine": 811, "diaper": 812, "cardboard": 813, "number": 814, "pastry": 815, "graffiti": 816, "shuttle": 817, "barrier": 818, "shut": 819, "surrounded": 820, "ketchup": 821, "fallen": 822, "strawberry": 823, "student": 824, "bartender": 825, "kitchen": 826, "buoy": 827, "curved": 828, "plaid": 829, "skater": 830, "match": 831, "cookbook": 832, "rib": 833, "sock": 834, "grater": 835, "railroad": 836, "octagonal": 837, "jersey": 838, "air": 839, "conditioner": 840, "bookcase": 841, "chinese": 842, "outfit": 843, "binder": 844, "tractor": 845, "hitting": 846, "bleacher": 847, "bacon": 848, "navy": 849, "stained": 850, "uniform": 851, "power": 852, "line": 853, "straight": 854, "pumpkin": 855, "sparse": 856, "asian": 857, "pasta": 858, "bell": 859, "exiting": 860, "high": 861, "stuck": 862, "watermelon": 863, "crust": 864, "fried": 865, "smoothie": 866, "frame": 867, "fat": 868, "outside": 869, "character": 870, "honey": 871, "hairbrush": 872, "helping": 873, "serving": 874, "dinosaur": 875, "dragon": 876, "toy": 877, "helicopter": 878, "glowing": 879, "baker": 880, "shopper": 881, "battery": 882, "eye": 883, "extinguisher": 884, "bandage": 885, "porcelain": 886, "spectator": 887, "sword": 888, "dry": 889, "hamburger": 890, "chicken": 891, "breast": 892, "visitor": 893, "fresh": 894, "ahead": 895, "ocean": 896, "decoration": 897, "platform": 898, "purse": 899, "bull": 900, "spray": 901, "alongside": 902, "pushed": 903, "radio": 904, "stadium": 905, "vintage": 906, "pine": 907, "action": 908, "figure": 909, "real": 910, "reaching": 911, "between": 912, "coach": 913, "seal": 914, "cooler": 915, "guitar": 916, "decorative": 917, "crispy": 918, "father": 919, "taking": 920, "wild": 921, "toothpaste": 922, "polo": 923, "dotted": 924, "restaurant": 925, "incomplete": 926, "preserver": 927, "casserole": 928, "beautiful": 929, "yard": 930, "fan": 931, "delicious": 932, "bedding": 933, "chess": 934, "piece": 935, "appetizer": 936, "zucchini": 937, "closet": 938, "star": 939, "khaki": 940, "artichoke": 941, "pea": 942, "piled": 943, "jar": 944, "shiny": 945, "painting": 946, "still": 947, "blind": 948, "toasted": 949, "luggage": 950, "pig": 951, "snake": 952, "cappuccino": 953, "glazed": 954, "intersection": 955, "mixed": 956, "bean": 957, "school": 958, "sunglass": 959, "along": 960, "juice": 961, "dirt": 962, "log": 963, "cherry": 964, "baked": 965, "petting": 966, "falling": 967, "antique": 968, "jeep": 969, "goggles": 970, "hose": 971, "tower": 972, "runway": 973, "stroller": 974, "mud": 975, "bronze": 976, "preparing": 977, "seagull": 978, "hairy": 979, "electric": 980, "snowy": 981, "ambulance": 982, "back": 983, "costume": 984, "pineapple": 985, "tourist": 986, "vacuum": 987, "wool": 988, "dock": 989, "cigar": 990, "plugged": 991, "into": 992, "figurine": 993, "liquid": 994, "pitcher": 995, "hammer": 996, "console": 997, "painted": 998, "rainbow": 999, "new": 1000, "bushy": 1001, "stacked": 1002, "mango": 1003, "licking": 1004, "dome": 1005, "homemade": 1006, "steam": 1007, "label": 1008, "fixture": 1009, "toward": 1010, "pen": 1011, "peacock": 1012, "asphalt": 1013, "dolphin": 1014, "jockey": 1015, "object": 1016, "skate": 1017, "mother": 1018, "powder": 1019, "hard": 1020, "cube": 1021, "turkey": 1022, "football": 1023, "fluffy": 1024, "low": 1025, "placemat": 1026, "cucumber": 1027, "saucer": 1028, "plantain": 1029, "block": 1030, "frog": 1031, "dugout": 1032, "bunched": 1033, "unhealthy": 1034, "healthy": 1035, "ice-cream": 1036, "highway": 1037, "owl": 1038, "son": 1039, "brushing": 1040, "teeth": 1041, "mounted": 1042, "cable": 1043, "spider": 1044, "topping": 1045, "net": 1046, "folded": 1047, "gun": 1048, "crown": 1049, "chasing": 1050, "undershirt": 1051, "following": 1052, "cobblestone": 1053, "military": 1054, "bald": 1055, "smiling": 1056, "wig": 1057, "selling": 1058, "fruit": 1059, "symbol": 1060, "receipt": 1061, "ipod": 1062, "soup": 1063, "alarm": 1064, "terminal": 1065, "a": 1066, "photograph": 1067, "garland": 1068, "pretzel": 1069, "notebook": 1070, "dragging": 1071, "ladle": 1072, "sink": 1073, "aluminum": 1074, "growing": 1075, "vine": 1076, "comb": 1077, "earring": 1078, "porch": 1079, "waste": 1080, "antelope": 1081, "polar": 1082, "paddle": 1083, "about": 1084, "hit": 1085, "cauliflower": 1086, "spice": 1087, "candy": 1088, "taco": 1089, "reflecting": 1090, "scrambled": 1091, "post": 1092, "octopus": 1093, "served": 1094, "garnish": 1095, "coke": 1096, "smelling": 1097, "caucasian": 1098, "swimsuit": 1099, "gummy": 1100, "walnut": 1101, "loaf": 1102, "raspberry": 1103, "word": 1104, "policeman": 1105, "papaya": 1106, "waffle": 1107, "desktop": 1108, "unpaved": 1109, "dryer": 1110, "milk": 1111, "broth": 1112, "dip": 1113, "plush": 1114, "milkshake": 1115, "silverware": 1116, "silk": 1117, "office": 1118, "outlet": 1119, "knit": 1120, "tossing": 1121, "projector": 1122, "brass": 1123, "artificial": 1124, "handmade": 1125, "flatbread": 1126, "feta": 1127, "drive": 1128, "tv": 1129, "tank": 1130, "professional": 1131, "lawn": 1132, "leafless": 1133, "lunch": 1134, "picnic": 1135, "typing": 1136, "boiled": 1137, "seasoned": 1138, "grabbing": 1139, "squirrel": 1140, "lush": 1141, "bomb": 1142, "nike": 1143, "edge": 1144, "evergreen": 1145, "made": 1146, "restroom": 1147, "employee": 1148, "sack": 1149, "crosswalk": 1150, "hung": 1151, "attached": 1152, "scrub": 1153, "brush": 1154, "walkway": 1155, "mixing": 1156, "cracker": 1157, "pouch": 1158, "tight": 1159, "pretty": 1160, "necklace": 1161, "pecan": 1162, "portable": 1163, "display": 1164, "vehicle": 1165, "mashed": 1166, "straw": 1167, "boulder": 1168, "peach": 1169, "snowboarder": 1170, "worn": 1171, "tag": 1172, "rolled": 1173, "fountain": 1174, "biscuit": 1175, "alligator": 1176, "salt": 1177, "alert": 1178, "paint": 1179, "frosting": 1180, "orchard": 1181, "hospital": 1182, "crooked": 1183, "map": 1184, "bending": 1185, "raisin": 1186, "tool": 1187, "electronic": 1188, "sticky": 1189, "note": 1190, "splashing": 1191, "popcorn": 1192, "parmesan": 1193, "peeled": 1194, "platter": 1195, "paved": 1196, "bar": 1197, "stool": 1198, "cut": 1199, "gadget": 1200, "avocado": 1201, "bracelet": 1202, "chip": 1203, "scissors": 1204, "balding": 1205, "approaching": 1206, "cafe": 1207, "patterned": 1208, "hardwood": 1209, "dry-erase": 1210, "melon": 1211, "making": 1212, "towing": 1213, "parrot": 1214, "gym": 1215, "grouped": 1216, "guiding": 1217, "almond": 1218, "bison": 1219, "sushi": 1220, "lit": 1221, "ugly": 1222, "rifle": 1223, "lipstick": 1224, "mozzarella": 1225, "roasted": 1226, "brownie": 1227, "fashioned": 1228, "cabbage": 1229, "angled": 1230, "shaded": 1231, "biting": 1232, "floral": 1233, "palm": 1234, "chopstick": 1235, "cowboy": 1236, "parent": 1237, "cross": 1238, "slicing": 1239, "bikini": 1240, "hotel": 1241, "kissing": 1242, "burrito": 1243, "cheeseburger": 1244, "juicy": 1245, "wristband": 1246, "traveling": 1247, "sweatshirt": 1248, "shark": 1249, "unripe": 1250, "pita": 1251, "burner": 1252, "track": 1253, "rhino": 1254, "copper": 1255, "performer": 1256, "drape": 1257, "displayed": 1258, "rainy": 1259, "chandelier": 1260, "french": 1261, "beverage": 1262, "crumb": 1263, "flour": 1264, "vendor": 1265, "observing": 1266, "cheesecake": 1267, "commercial": 1268, "boarding": 1269, "cactus": 1270, "muffin": 1271, "charger": 1272, "antenna": 1273, "sniffing": 1274, "breakfast": 1275, "forest": 1276, "styrofoam": 1277, "washing": 1278, "omelette": 1279, "river": 1280, "crab": 1281, "feeder": 1282, "herb": 1283, "city": 1284, "wedding": 1285, "poodle": 1286, "seen": 1287, "steamed": 1288, "baking": 1289, "close": 1290, "camel": 1291, "gown": 1292, "knee": 1293, "jumpsuit": 1294, "crowd": 1295, "minivan": 1296, "dough": 1297, "wristwatch": 1298, "draped": 1299, "massive": 1300, "leaving": 1301, "moss": 1302, "magnet": 1303, "arched": 1304, "lime": 1305, "farmer": 1306, "blazer": 1307, "cotton": 1308, "roll": 1309, "garage": 1310, "stair": 1311, "flat": 1312, "shrimp": 1313, "dense": 1314, "woven": 1315, "designed": 1316, "drum": 1317, "pond": 1318, "industrial": 1319, "garlic": 1320, "urinal": 1321, "gentleman": 1322, "puffy": 1323, "dressing": 1324, "lizard": 1325, "coconut": 1326, "liquor": 1327, "upside": 1328, "castle": 1329, "whale": 1330, "plain": 1331, "connected": 1332, "irregular": 1333, "hay": 1334, "warm": 1335, "yogurt": 1336, "alcohol": 1337, "palace": 1338, "tile": 1339, "blurry": 1340, "pajama": 1341, "digital": 1342, "chalkboard": 1343, "snail": 1344, "sprinkle": 1345, "adjusting": 1346, "crowded": 1347, "cluttered": 1348, "shining": 1349, "eagle": 1350, "dragonfly": 1351, "daughter": 1352, "collared": 1353, "glossy": 1354, "foil": 1355, "icing": 1356, "bath": 1357, "pesto": 1358, "reflective": 1359, "telephone": 1360, "artwork": 1361, "bedspread": 1362, "bent": 1363, "cleaning": 1364, "pistachio": 1365, "dream": 1366, "beet": 1367, "trying": 1368, "catch": 1369, "headband": 1370, "drawing": 1371, "clay": 1372, "gourd": 1373, "rotten": 1374, "mound": 1375, "lighthouse": 1376, "cabin": 1377, "pasture": 1378, "enclosing": 1379, "curled": 1380, "xbox": 1381, "gravy": 1382, "cockpit": 1383, "mayonnaise": 1384, "butterfly": 1385, "kimono": 1386, "wooded": 1387, "bamboo": 1388, "pastel": 1389, "moose": 1390, "edged": 1391, "vertical": 1392, "nutella": 1393, "ramekin": 1394, "name": 1395, "rolling": 1396, "pin": 1397, "climbing": 1398, "hummus": 1399, "scattered": 1400, "shredded": 1401, "town": 1402, "blank": 1403, "framed": 1404, "indoors": 1405, "upholstered": 1406, "pale": 1407, "browned": 1408, "marshmallow": 1409, "audience": 1410, "placed": 1411, "dumpling": 1412, "oreo": 1413, "patio": 1414, "bone": 1415, "church": 1416, "classroom": 1417, "ceramic": 1418, "lemonade": 1419, "deck": 1420, "flowered": 1421, "tortilla": 1422, "cathedral": 1423, "toiletry": 1424, "backyard": 1425, "whisk": 1426, "picking": 1427, "island": 1428, "fog": 1429, "canopy": 1430, "mesh": 1431, "spiky": 1432, "notepad": 1433, "packed": 1434, "grapefruit": 1435, "meatball": 1436, "horizontal": 1437, "crane": 1438, "macaroni": 1439, "cheetah": 1440, "puddle": 1441, "nest": 1442, "bakery": 1443, "photographer": 1444, "cutter": 1445, "pilot": 1446, "hallway": 1447, "chopped": 1448, "canister": 1449, "card": 1450, "pocket": 1451, "chained": 1452, "guacamole": 1453, "bug": 1454, "toothpick": 1455, "squatting": 1456, "uneven": 1457, "shield": 1458, "snoopy": 1459, "across": 1460, "sticking": 1461, "weed": 1462, "stew": 1463, "messy": 1464, "family": 1465, "double": 1466, "decker": 1467, "underwear": 1468, "cliff": 1469, "robe": 1470, "dull": 1471, "unhappy": 1472, "waving": 1473, "pencil": 1474, "flip": 1475, "flop": 1476, "muddy": 1477, "barn": 1478, "wallet": 1479, "staircase": 1480, "fuzzy": 1481, "entrance": 1482, "protective": 1483, "halved": 1484, "fudge": 1485, "whipped": 1486, "volleyball": 1487, "vinegar": 1488, "unlit": 1489, "away": 1490, "shirtless": 1491, "roast": 1492, "atop": 1493, "bunch": 1494, "twig": 1495, "fancy": 1496, "creamy": 1497, "padded": 1498, "crusty": 1499, "beard": 1500, "wired": 1501, "cranberry": 1502, "lobby": 1503, "christmas": 1504, "shape": 1505, "hotdog": 1506, "support": 1507, "mall": 1508, "kangaroo": 1509, "apartment": 1510, "going": 1511, "roadway": 1512, "tilted": 1513, "tiger": 1514, "vanilla": 1515, "farm": 1516, "overhead": 1517, "tunnel": 1518, "ruffled": 1519, "powdered": 1520, "spot": 1521, "steep": 1522, "skin": 1523, "pillowcase": 1524, "textured": 1525, "broken": 1526, "pouring": 1527, "wardrobe": 1528, "ear": 1529, "bud": 1530, "garment": 1531, "buying": 1532, "ravioli": 1533, "seafood": 1534, "assorted": 1535, "lace": 1536, "sunflower": 1537, "tuna": 1538, "heel": 1539, "getting": 1540, "burnt": 1541, "funny": 1542, "lobster": 1543, "oatmeal": 1544, "direction": 1545, "team": 1546, "taller": 1547, "than": 1548, "processor": 1549, "wok": 1550, "shelter": 1551, "damaged": 1552, "face": 1553, "wallpaper": 1554, "caramel": 1555, "garden": 1556, "potted": 1557, "meal": 1558, "foreign": 1559, "sealed": 1560, "strong": 1561, "mature": 1562, "spear": 1563, "rusty": 1564, "decorating": 1565, "beyond": 1566, "lined": 1567, "loose": 1568, "trumpet": 1569, "satellite": 1570, "ornate": 1571, "stump": 1572, "goal": 1573, "roadside": 1574, "sharp": 1575, "laughing": 1576, "pomegranate": 1577, "birthday": 1578, "eaten": 1579, "powerful": 1580, "followed": 1581, "shorter": 1582, "market": 1583, "entree": 1584, "marker": 1585, "museum": 1586, "stage": 1587, "larger": 1588, "flake": 1589, "dusty": 1590, "shaggy": 1591, "crystal": 1592, "fishing": 1593, "earphone": 1594, "gorilla": 1595, "seed": 1596, "elderly": 1597, "coarse": 1598, "cylindrical": 1599, "temple": 1600, "ornamental": 1601, "greasy": 1602, "pudding": 1603, "patchy": 1604, "blowing": 1605, "swamp": 1606, "daisy": 1607, "opaque": 1608, "diced": 1609, "abandoned": 1610, "formal": 1611, "meadow": 1612, "orchid": 1613, "champagne": 1614, "translucent": 1615, "transparent": 1616, "immature": 1617, "ivory": 1618, "skyscraper": 1619, "frosted": 1620, "fur": 1621, "scaffolding": 1622, "oversized": 1623, "pump": 1624, "neat": 1625, "lift": 1626, "blooming": 1627, "backwards": 1628, "dinner": 1629, "turtle": 1630, "wireless": 1631, "waterfall": 1632, "paneled": 1633, "faded": 1634, "scarce": 1635, "spread": 1636, "shaking": 1637, "seaweed": 1638, "wrinkly": 1639, "forward": 1640, "crumpled": 1641, "photographing": 1642, "raised": 1643, "granola": 1644, "crumbled": 1645, "person": 1646, "tying": 1647, "muscular": 1648, "tail": 1649, "oak": 1650, "pointy": 1651, "shaving": 1652, "sturdy": 1653, "desert": 1654, "anchovy": 1655, "courtyard": 1656, "spraying": 1657, "illuminated": 1658, "mint": 1659, "docked": 1660, "sliding": 1661, "package": 1662, "rooftop": 1663, "elevated": 1664, "sconce": 1665, "rustic": 1666, "abundant": 1667, "neon": 1668, "bubble": 1669, "shadowed": 1670, "shaped": 1671, "wading": 1672, "busy": 1673, "fine": 1674, "marina": 1675, "longer": 1676, "frozen": 1677, "kiosk": 1678, "regular": 1679, "blossom": 1680, "breaking": 1681, "chickpea": 1682, "hangar": 1683, "ornament": 1684, "stapler": 1685, "hang": 1686, "amusement": 1687, "carton": 1688, "mexican": 1689, "other": 1690, "miniature": 1691, "herding": 1692, "factory": 1693, "auditorium": 1694, "grated": 1695, "used": 1696, "vinyl": 1697, "wildflower": 1698, "manhole": 1699, "cover": 1700, "unoccupied": 1701, "thermometer": 1702, "rippled": 1703, "burning": 1704, "opener": 1705, "turned": 1706, "salmon": 1707, "fenced": 1708, "tropical": 1709, "tabby": 1710, "written": 1711, "pork": 1712, "iced": 1713, "forested": 1714, "eiffel": 1715, "jagged": 1716, "elmo": 1717, "weathered": 1718, "grocery": 1719, "lily": 1720, "curious": 1721, "drawn": 1722, "theater": 1723, "quilted": 1724, "hilltop": 1725, "cemetery": 1726, "bead": 1727, "sewn": 1728, "crisp": 1729, "cafeteria": 1730, "clumped": 1731, "blood": 1732, "frying": 1733, "jewelry": 1734, "library": 1735, "cast": 1736, "shadow": 1737, "polished": 1738, "chubby": 1739, "calico": 1740, "holder": 1741, "thing": 1742, "oriental": 1743, "inflatable": 1744, "peel": 1745, "oblong": 1746, "harbor": 1747, "floppy": 1748, "keypad": 1749, "stir": 1750, "sleepy": 1751, "basketball": 1752, "chipped": 1753, "hidden": 1754, "panel": 1755, "tiled": 1756, "tangled": 1757, "torn": 1758, "feather": 1759, "feathered": 1760, "disposable": 1761, "twisted": 1762, "upward": 1763, "mitt": 1764, "sheer": 1765, "robot": 1766, "blackberry": 1767, "suspended": 1768, "glaze": 1769, "barren": 1770, "cracked": 1771, "higher": 1772, "inflated": 1773, "half": 1774, "supermarket": 1775, "speckled": 1776, "price": 1777, "photo": 1778, "trimmed": 1779, "overgrown": 1780, "vast": 1781, "stack": 1782, "music": 1783, "cushioned": 1784, "carved": 1785, "mowed": 1786, "downward": 1787, "rugged": 1788, "cricket": 1789, "hurdle": 1790, "obstacle": 1791, "lab": 1792, "slanted": 1793, "rippling": 1794, "wispy": 1795, "shaved": 1796, "curvy": 1797, "waitress": 1798, "peak": 1799, "pillar": 1800, "village": 1801, "lower": 1802, "sideways": 1803, "lounge": 1804, "tire": 1805, "elongated": 1806, "yolk": 1807, "cordless": 1808, "fluorescent": 1809, "upper": 1810, "eraser": 1811, "hollow": 1812, "winter": 1813, "typical": 1814, "sculpted": 1815, "vitamin": 1816, "storage": 1817, "packaged": 1818, "analog": 1819, "deciduous": 1820, "patched": 1821, "lighted": 1822, "spiral": 1823, "salon": 1824, "melting": 1825, "smaller": 1826, "complete": 1827, "wave": 1828, "vacant": 1829, "crossed": 1830, "pikachu": 1831, "manicured": 1832, "simple": 1833, "garbage": 1834, "batting": 1835, "attic": 1836, "bigger": 1837, "elevator": 1838, "hoof": 1839}